DELETE FROM estocs;
DELETE FROM calaixos;
DELETE FROM maquines;
DELETE FROM productes;
DELETE FROM categories;

INSERT INTO categories (id, nom, iva,createdAt,updatedAt) 
VALUES 
("261607ea-ada8-49bf-ba86-03a11ef2e21e", 'Granos',"14",CURRENT_TIMESTAMP,CURRENT_TIMESTAMP),
("5800611c-afa3-4628-8318-8f56bf24203c", 'Verduras',"10",CURRENT_TIMESTAMP,CURRENT_TIMESTAMP),
("b49f0ec8-1c38-4b17-82ac-835c3b316a32", 'Frutas',"20",CURRENT_TIMESTAMP,CURRENT_TIMESTAMP),
("7b0ed81b-ce38-4cb7-8bcb-c0cafa1a1cca", 'Lacteos',"11",CURRENT_TIMESTAMP,CURRENT_TIMESTAMP),
("c4ed319c-fff9-4266-9ef7-e9141f6ae9b2", 'Proteinas',"17",CURRENT_TIMESTAMP,CURRENT_TIMESTAMP);


INSERT INTO productes (id, nom, tipus, preu, categoria,createdAt,updatedAt)
VALUES
("58c595e6-4a58-4995-810b-d2c17a6a7e6f", 'Garbanzo',"Aliment","1","261607ea-ada8-49bf-ba86-03a11ef2e21e",CURRENT_TIMESTAMP,CURRENT_TIMESTAMP),
("edc5a60d-0adf-42fe-b45e-f765fa925c8a", 'Lechuga',"Aliment","1","5800611c-afa3-4628-8318-8f56bf24203c",CURRENT_TIMESTAMP,CURRENT_TIMESTAMP),
("bf76835b-76b3-4ecd-ab39-192c228e24ab", 'Manzana',"Aliment","1","b49f0ec8-1c38-4b17-82ac-835c3b316a32",CURRENT_TIMESTAMP,CURRENT_TIMESTAMP),
("61064470-3547-47ae-88df-caf8e1ba7a8a", 'Leche',"Aliment","1","7b0ed81b-ce38-4cb7-8bcb-c0cafa1a1cca",CURRENT_TIMESTAMP,CURRENT_TIMESTAMP),
("e9c5af0b-e2b4-4d99-af91-4f3fa0efd495", 'Pollo',"Aliment","1","c4ed319c-fff9-4266-9ef7-e9141f6ae9b2",CURRENT_TIMESTAMP,CURRENT_TIMESTAMP);

INSERT INTO maquines (id, municipi, adreca, createdAt,updatedAt)
VALUES
("acb11d49-1643-43a6-8389-3e4dc964bfe4", 'Barcelona',"Carrer de la Ciutat de Granada, 1",CURRENT_TIMESTAMP,CURRENT_TIMESTAMP),
("8fd706d9-4b86-48ed-964d-4a34a05fb0da", 'Barcelona',"Carrer de la Ciutat de Granada, 2",CURRENT_TIMESTAMP,CURRENT_TIMESTAMP),
("c3f7f548-27c4-4290-a799-30d16e5a8cbe", 'Barcelona',"Carrer de la Ciutat de Granada, 3",CURRENT_TIMESTAMP,CURRENT_TIMESTAMP),
("d5dfcb6b-0d86-4cd4-8284-bec3c1b087e9", 'Barcelona',"Carrer de la Ciutat de Granada, 4",CURRENT_TIMESTAMP,CURRENT_TIMESTAMP),
("af120a0a-1580-4ac1-806e-af25df119b76", 'Barcelona',"Carrer de la Ciutat de Granada, 5",CURRENT_TIMESTAMP,CURRENT_TIMESTAMP);

INSERT INTO calaixos (id, maquina, casella, createdAt,updatedAt)
VALUES
("80f6f05f-d3ae-4a3e-a823-c4024a858936", 'acb11d49-1643-43a6-8389-3e4dc964bfe4',"A1",CURRENT_TIMESTAMP,CURRENT_TIMESTAMP),
("35ea0675-1578-4c4b-a75c-cb21eb5489a7", '8fd706d9-4b86-48ed-964d-4a34a05fb0da',"A2",CURRENT_TIMESTAMP,CURRENT_TIMESTAMP),
("e5f065a0-c08b-494f-8904-834d0229e7f1", 'acb11d49-1643-43a6-8389-3e4dc964bfe4',"A3",CURRENT_TIMESTAMP,CURRENT_TIMESTAMP),
("7381e5bf-cc7c-4900-b3ea-e13156e5f962", 'acb11d49-1643-43a6-8389-3e4dc964bfe4',"A4",CURRENT_TIMESTAMP,CURRENT_TIMESTAMP),
("dc9530bc-8665-41a3-9533-b67fe6b177c2", 'acb11d49-1643-43a6-8389-3e4dc964bfe4',"A5",CURRENT_TIMESTAMP,CURRENT_TIMESTAMP);

INSERT INTO estocs (id, producte, caducitat,dataVenda,ubicacio,createdAt,updatedAt)
VALUES
("c1bb5a02-e2d6-4d76-bdef-a4b2f952d605", '58c595e6-4a58-4995-810b-d2c17a6a7e6f',"2023-02-15",null,"80f6f05f-d3ae-4a3e-a823-c4024a858936",CURRENT_TIMESTAMP,CURRENT_TIMESTAMP),
("0cc669b3-a7be-4c4b-929c-49aa7a62cfe9", '58c595e6-4a58-4995-810b-d2c17a6a7e6f',"2023-02-15",null,"80f6f05f-d3ae-4a3e-a823-c4024a858936",CURRENT_TIMESTAMP,CURRENT_TIMESTAMP),
("fae1d472-4be5-4f02-8b36-0c38d9890d7d", '58c595e6-4a58-4995-810b-d2c17a6a7e6f',"2023-02-15",null,"35ea0675-1578-4c4b-a75c-cb21eb5489a7",CURRENT_TIMESTAMP,CURRENT_TIMESTAMP),
("fdcfb757-8b2a-4a4b-ae2d-56e5cc2111a3", 'edc5a60d-0adf-42fe-b45e-f765fa925c8a',"2023-02-15","2023-02-15","e5f065a0-c08b-494f-8904-834d0229e7f1",CURRENT_TIMESTAMP,CURRENT_TIMESTAMP),
("3a902ba6-b59e-4efd-bc6a-cfcb24c993dc", 'bf76835b-76b3-4ecd-ab39-192c228e24ab',"2023-02-15","2023-02-15","7381e5bf-cc7c-4900-b3ea-e13156e5f962",CURRENT_TIMESTAMP,CURRENT_TIMESTAMP),
("5ac00778-de3e-4104-ac7a-16c921e5a6e8", '61064470-3547-47ae-88df-caf8e1ba7a8a',"2023-02-15","2023-02-15","dc9530bc-8665-41a3-9533-b67fe6b177c2",CURRENT_TIMESTAMP,CURRENT_TIMESTAMP)

